ID,EMAIL,TASK_ID,ROLE,TASK_URL
1,,tFOTVZ9B-1,user,http://9.47.228.44:8080/login?workerid=&taskid=tFOTVZ9B-1&role=user&mode=mts
2,,Orbdc1SS-2,user,http://9.47.228.44:8080/login?workerid=&taskid=Orbdc1SS-2&role=user&mode=mts
3,,16t7DbkT-3,user,http://9.47.228.44:8080/login?workerid=&taskid=16t7DbkT-3&role=user&mode=mts
4,,RWkPnjkg-4,user,http://9.47.228.44:8080/login?workerid=&taskid=RWkPnjkg-4&role=user&mode=mts
5,,g1HfUbVR-5,user,http://9.47.228.44:8080/login?workerid=&taskid=g1HfUbVR-5&role=user&mode=mts
6,,3OHqoXhu-6,user,http://9.47.228.44:8080/login?workerid=&taskid=3OHqoXhu-6&role=user&mode=mts
7,,89ePbsyg-7,user,http://9.47.228.44:8080/login?workerid=&taskid=89ePbsyg-7&role=user&mode=mts
8,,TxgwLIke-8,user,http://9.47.228.44:8080/login?workerid=&taskid=TxgwLIke-8&role=user&mode=mts
9,,jWyUP2ID-9,user,http://9.47.228.44:8080/login?workerid=&taskid=jWyUP2ID-9&role=user&mode=mts
10,,hf4sIApG-10,user,http://9.47.228.44:8080/login?workerid=&taskid=hf4sIApG-10&role=user&mode=mts
